,distance,patent_number
0,0.0,10332155
1,1.0187322846328704,10339760
2,1.0433923761532637,10319192
3,1.072165945605433,10339762
4,1.0880116753687519,10332349
5,1.1015013718432671,10349252
6,1.108480894367799,9868052
7,1.1162118966342376,9635506
8,1.148195619066193,10332344
9,1.1498940573795633,10332355
